Label,Total,Ratio
到店支付,138,0.7840909090909091
微信支付,31,0.17613636363636365
線下支付,7,0.03977272727272727
