Label,Total,Ratio
蘋果,135,64.5933014354067
小米,23,11.004784688995215
其他,17,8.133971291866029
華為,10,4.784688995215311
VIVO,7,3.349282296650718
魅族,6,2.8708133971291865
三星,5,2.3923444976076556
Acer,2,0.9569377990430622
富可視,2,0.9569377990430622
聯想,1,0.4784688995215311
OPPO,1,0.4784688995215311
