Label,Total,Ratio
手機,178,85.16746411483254
平板,28,13.397129186602871
電腦,3,1.4354066985645932
