Label,Total,Ratio
到店支付,160,76.55502392344498
微信支付,42,20.095693779904305
線下支付,7,3.349282296650718
