Label,Total,Ratio
手機,149,0.8465909090909091
平板,24,0.13636363636363635
電腦,3,0.017045454545454544
