Label,Amount,Percentage
SHZBG,3526,39.3351182507809
New PCEBG,1210,13.498438197233378
WLBG,861,9.60508701472557
CNSBG,687,7.663989290495314
CCPBG,481,5.36590807675145
iDPBG,428,4.774654172244533
iDSBG,394,4.395359214636323
總部周邊,230,2.565818830879072
群創光電,153,1.706827309236948
FIT,139,1.5506470325747435
