Label,Amount,Percentage
師級,6184,68.98705934850513
模師,742,8.277554663096831
試用,189,2.108433734939759
員級,1388,15.484158857652833
其他,487,5.4328424810352525
