Label,Amount,Percentage
大專,2949,32.89825970548862
本科,2843,31.715751896474785
中專,1479,16.499330655957163
高中,576,6.425702811244979
初中,501,5.589022757697457
未知,483,5.38821954484605
碩士,134,1.494868362338242
博士,2,0.022311468094600623
