Label,Amount,Percentage
龍華,1930,21.5305667112896
鄭州,1325,14.781347612672914
太原,700,7.809013833110219
武漢,564,6.291834002677376
成都,467,5.2097278000892455
廊坊,436,4.863900044622936
吳淞江,414,4.618473895582329
觀瀾,350,3.9045069165551096
晉城,316,3.5252119589468984
煙台,314,3.5029004908522983
