Label,Amount,Percentage
C,3949,44.053993752788934
D,1210,13.498438197233378
未歸類,1200,13.386880856760374
FG,738,8.23293172690763
J,581,6.481481481481481
E,484,5.399375278893351
B,394,4.395359214636323
K,164,1.8295403837572513
L,144,1.6064257028112447
夏普,64,0.71396697902722
