Label,Amount,Percentage
河南,1513,16.878625613565372
湖北,1251,13.95582329317269
湖南,882,9.839357429718875
山西,762,8.500669344042839
四川,546,6.091030789825971
江西,375,4.183400267737617
山東,359,4.004908522980812
河北,355,3.9602855867916107
廣東,349,3.8933511825078093
陝西,309,3.4471218206157963
