Label,Amount,Percentage
男,5573,62.17090584560464
未知,483,5.38821954484605
女,2908,32.44087460954931
