Label,Total,Ratio
蘋果,110,0.625
小米,21,0.11931818181818182
其他,15,0.08522727272727272
華為,8,0.045454545454545456
VIVO,7,0.03977272727272727
魅族,6,0.03409090909090909
三星,3,0.017045454545454544
Acer,2,0.011363636363636364
富可視,2,0.011363636363636364
聯想,1,0.005681818181818182
OPPO,1,0.005681818181818182
