Label,Percentage,PayPayment
SHZBG,31.0754180170,36247544.37
WLBG,15.0436661020,17547501.83
New PCEBG,9.9345879176,11588079.56
CNSBG,8.6254827603,10061089.73
CCPBG,6.1057185979,7121941.39
