Label,Percentage,PayPayment
龍華,23.8622636145,27833847.92
鄭州,13.1515245155,15340436.23
廊坊,10.3368203489,12057258.70
太原,8.5171540243,9934730.99
武漢,4.6392807571,5411432.76
