Label,Percentage,PayPayment
C,36.2910076782,42331205.66
未歸類,19.5319005285,22782748.43
FG,10.4303714354,12166380.23
D,9.9345879176,11588079.56
J,6.2513716879,7291836.67
