Label,Percentage,PayPayment
廣東,19.9175055333,23232532.71
河南,12.9001110131,15047178.00
河北,11.2900288219,13169117.16
山西,8.8354878334,10306047.60
江蘇,7.2533047365,8460529.32
