Label,Total,Ratio
到店修,169,0.9602272727272727
郵寄修,7,0.03977272727272727
