Label,Total,Ratio
到店修,198,95.65217391304348
郵寄修,9,4.3478260869565215
